ITEM_PRODUCED,ICODE,PRODN_QTY,TOTAL_SCRAP_WT,PRODN_VAL,UNIT,MST_RATE,SCRAP_WT,OSTAGE,SC_NAME,,
1P FORK COMB 5W BUSBAR_CB71002_FB,73018031,133,1.86,4364.16,NOS,32.8132,0.014,89020006,COPPER  SCRAP,,
1P FORK COMB 6W BUSBAR_CB71003_FB,73018032,53,1.01,2202.78,NOS,41.5618,0.019,89020006,COPPER  SCRAP,,
B MAIN BUS BAR 12 WAY MCCB_CB71612_FB,73012632,180,0.72,23827.75,NOS,132.3764,0.004,89020006,COPPER  SCRAP,,
B MAIN BUS BAR 16 WAY MCCB_CB71613_FB,73012635,35,0.18,6940.49,NOS,198.2996,0.005,89020006,COPPER  SCRAP,,
B MAIN BUS BAR 16 WAY_CB70672_FB,73012636,10,0.04,1286.87,NOS,128.687,0.004,89020006,COPPER  SCRAP,,
B MAIN BUS BAR 4 WAY MCCB_CB71608_FB,73012638,191,0.38,7371.13,NOS,38.5923,0.002,89020006,COPPER  SCRAP,,
B MAIN BUS BAR 4 WAY_CB70668_FB,73012639,185,0.37,5865.11,NOS,31.7033,0.002,89020006,COPPER  SCRAP,,
B MAIN BUS BAR 6 WAY MCCB_CB71609_FB,73012641,205,0.41,9226.05,NOS,45.0051,0.002,89020006,COPPER  SCRAP,,
B MAIN BUS BAR 8 WAY MCCB_CB71610_FB,73012644,400,1.2,31845.92,NOS,79.6148,0.003,89020006,COPPER  SCRAP,,
BOX CEB SPN 12 WAY DD_CB71735_BENDING/WELDING,73015516,150,0,9335.4,NOS,62.236,0,N,,,
BOX CEB SPN 12 WAY DD_CB71735_PC_MAIN,74013309,150,0,8645.76,NOS,57.6384,0,N,,,
BOX CEB SPN 16 WAY DD_CB71736_FABRICATION,73015519,200,0,11815.2,NOS,59.076,0,N,,,
BOX CEB SPN 16 WAY DD_CB71736_PC,74013289,200,0,13822.36,NOS,69.1118,0,N,,,
BOX POWDER COATED PLUG AND SOCKET 16A _3 PIN (PLASTIC)_CB71361,74013561,150,0,4113.78,NOS,27.4252,0,N,,,
BOX POWDER COATED PLUG AND SOCKET 32A _3 PIN (PLASTIC)_CB70832,74013711,100,0,2990.94,NOS,29.9094,0,N,,,
BOX POWDER COATED PLUG AND SOCKET 32A _5 PIN (PLASTIC)_CB70833,74013560,206,0,19947.87,NOS,96.8343,0,N,,,
BOX VTPN 12 WAY _CB70681_PUNCHING,73013025,205,128.13,68355.61,NOS,333.442,0.625,89030001,CRCA  DESIGN SCRAP,,
BOX VTPN 4 WAY _CB70678_(WELDING),73014196,275,119.35,62181.9,NOS,226.116,0.434,89030001,CRCA  DESIGN SCRAP,,
BOX VTPN 8 WAY_CB70680_FB,73013026,240,124.32,65722.56,NOS,273.844,0.518,89030001,CRCA  DESIGN SCRAP,,
BOX VTPN MCCB 12 WAY _CB70746_FB,73014750,210,121.8,74028.36,NOS,352.516,0.58,89030001,CRCA  DESIGN SCRAP,,
BOX VTPN MCCB 4 WAY_CB70742_FB,73014747,191,79.84,47677.8,NOS,249.622,0.418,89030001,CRCA  DESIGN SCRAP,,
BOX VTPN MCCB 8 WAY_CB70744_FB,73014282,390,194.61,117429.78,NOS,301.102,0.499,89030001,CRCA  DESIGN SCRAP,,
CONNECTING BUSBAR RB VTPN_CB71059_FB,73012740,7700,30.8,131791.66,NOS,17.1158,0.004,89020006,COPPER  SCRAP,,
CONNECTING BUSBAR Y VTPN_CB71060_FB,73012741,3850,15.4,65895.83,NOS,17.1158,0.004,89020006,COPPER  SCRAP,,
DOOR CEB SPN 12 WAY_CB71773_PC,74013288,150,0,7714.91,NOS,51.4327,0,N,,,
DOOR CEB SPN 8 WAY_CB71772_PC,74013287,150,0,5143.17,NOS,34.2878,0,N,,,
DOOR POWDER COATED PLUG AND SOCKET 16A _3 PIN (PLASTIC)_CB71363,74013576,150,0,2604.05,NOS,17.3603,0,N,,,
DOOR POWDER COATED PLUG AND SOCKET 32A _3 PIN (PLASTIC)_CB70835,74013577,158,0,4673.07,NOS,29.5764,0,N,,,
DOOR POWDER COATED PLUG AND SOCKET 32A _5 PIN (PLASTIC)_CB70836,74013578,297,0,14393.63,NOS,48.4634,0,N,,,
DOOR VTPN 12 WAY_CB71178_FB,73012948,205,96.97,53973.22,NOS,263.284,0.473,89030001,CRCA  DESIGN SCRAP,,
DOOR VTPN 4 WAY _CB71174_FABRICATION,73014238,275,90.75,49694.7,NOS,180.708,0.33,89030001,CRCA  DESIGN SCRAP,,
DOOR VTPN MCCB 4 WAY_CB70753_FB,73012964,190,65.74,36993,NOS,194.7,0.346,89030001,CRCA  DESIGN SCRAP,,
FRAME VTPN 10 WAY_GCC_CB95251_FB,73014211,240,34.56,25314.72,NOS,105.478,0.144,89030001,CRCA  DESIGN SCRAP,,
FRAME VTPN 14 WAY_GCC_CB95253_FB,73014212,205,31.37,24477.82,NOS,119.404,0.153,89030001,CRCA  DESIGN SCRAP,,
FRAME VTPN 6 WAY_GCC_CB95249_FB,73014209,275,37.4,25664.1,NOS,93.324,0.136,89030001,CRCA  DESIGN SCRAP,,
FRAME VTPN 8 WAY_GCC_CB95250_FB,73014210,330,46.2,32978.22,NOS,99.934,0.14,89030001,CRCA  DESIGN SCRAP,,
FRAME VTPN MCCB 12 WAY_CB96008_FB,73014297,130,11.83,18559.84,NOS,142.768,0.091,89030001,CRCA  DESIGN SCRAP,,
FRAME VTPN MCCB 4 WAY_CB96004_FB,73014294,190,13.87,22272.94,NOS,117.226,0.073,89030001,CRCA  DESIGN SCRAP,,
FRAME VTPN MCCB 6 WAY_CB96005_FB,73014295,175,13.48,21634.9,NOS,123.628,0.077,89030001,CRCA  DESIGN SCRAP,,
FRAME VTPN MCCB 8 WAY_CB96006_FB,73014296,220,18.04,28606.6,NOS,130.03,0.082,89030001,CRCA  DESIGN SCRAP,,
GLAND PLATE VTPN MCCB _CB70700_FB,73012815,1430,254.54,48997.52,NOS,34.264,0.178,89030001,CRCA  DESIGN SCRAP,,
GLAND PLATE VTPN_CB71213_FB,73013336,2120,205.64,61446.08,NOS,28.984,0.097,89030001,CRCA  DESIGN SCRAP,,
NEUTRAL SHROUD -CB50970.,72015940,1639,0,8070.44,NOS,4.924,0,-,,,
NEUTRAL SHROUD 3 MOD (56MM)_CB50963.,72015933,796,0,1820.29,NOS,2.2868,0,-,,,
NEUTRAL SHROUD 5 MOD (72MM)_CB50964.,72015934,580,0,1653,NOS,2.85,0,-,,,
NEUTRAL SHROUD 7 MOD_88MM_CB50966.,72015936,850,0,3151.8,NOS,3.708,0,-,,,
R MAIN BUS BAR 12 WAY MCCB_CB71564_FB,73012854,180,0.72,23912.35,NOS,132.8464,0.004,89020006,COPPER  SCRAP,,
R MAIN BUS BAR 16 WAY MCCB_CB71565_FB,73012857,35,0.18,6956.94,NOS,198.7696,0.005,89020006,COPPER  SCRAP,,
R MAIN BUS BAR 16 WAY_CB70664_FB,73012858,10,0.04,1987.7,NOS,198.7696,0.004,89020006,COPPER  SCRAP,,
R MAIN BUS BAR 4 WAY MCCB_CB71560_FB,73012860,191,0.38,9439.87,NOS,49.4234,0.002,89020006,COPPER  SCRAP,,
R MAIN BUS BAR 4 WAY_CB70660_FB,73012861,185,0.56,8130.53,NOS,43.9488,0.003,89020006,COPPER  SCRAP,,
R MAIN BUS BAR 6 WAY MCCB_CB71561_FB,73012863,205,0.62,13445.75,NOS,65.589,0.003,89020006,COPPER  SCRAP,,
R MAIN BUS BAR 8 WAY MCCB_CB71562_FB,73012866,400,1.2,39953.92,NOS,99.8848,0.003,89020006,COPPER  SCRAP,,
RB POLE SPREADER LINK_CB70921_FB,73013997,500,8.5,12799.3,NOS,25.5986,0.017,89020006,COPPER  SCRAP,,
SF - WIRESET FOR 507811 20A SP P&S DB,75013403,852,0,5653.02,NOS,6.635,0,N,,,
SF - WIRESET FOR DBPPS332SD P&S 32A 3PIN 4MOD SD IP30 - PLASTIC,75013424,100,0,3578.24,NOS,35.7824,0,N,,,
SF - WIRESET FOR DBPPS532SD P&S 32A 5PIN 8MOD SD IP30 - PLASTIC,75013425,300,0,18340.86,NOS,61.1362,0,N,,,
SF - WIRESET FOR DBPPS563SD P&S 63A 5PIN 8MOD SD IP30 - PLASTIC,75013426,175,0,18074.82,NOS,103.2847,0,N,,,
SF - WIRESET FOR P&S 16A 3PIN 2MOD SD IP30 - PLASTIC,75013423,154,0,2066.13,NOS,13.4164,0,N,,,
SF- GLAND PLATE JR PSR 4 WAY IP42 DD GM_PC,74015175,640,0,7296,NOS,11.4,0,-,,,
SF- SHIELD FABRICATED VTPN MCCB 4 WAY_CB70775_WINDOW CUTTING,73013365,190,57.95,21094.18,NOS,111.022,0.305,89030001,CRCA  DESIGN SCRAP,,
SF-1.5SQMM EARTHING LEAD WIRE-H/L,75011161,1000,0,3659.4,NOS,3.6594,0,-,,,
SF-125A Y SPREADER LINK MCCB INCOMER CB71048 FB,73012619,455,6.83,10794.42,NOS,23.724,0.015,89020006,COPPER  SCRAP,,
SF-1P FORK COMB 11W BUSBAR_CB71008 FB,73018028,1722,53.38,129090.94,NOS,74.9657,0.031,89020006,COPPER  SCRAP,,
SF-BOX CEB SPN 8 WAY DD_CB71734_FABRICATION,73015089,150,0,6821.4,NOS,45.476,0,N,,,
SF-BOX CEB SPN 8 WAY DD_CB71734_PC,74013216,150,0,7748.25,NOS,51.655,0,N,,,
SF-BOX ENCLOSURE 2 WAYS_PREMIUM_CB93690_PC,74012489,2450,0,45805.2,NOS,18.696,0,-,,,
SF-BOX ENCLOSURE 4 WAYS  - PREMIUM_CB70193_PC,74012493,3400,0,170429.42,NOS,50.1263,0,-,,,
SF-BOX FABRICATED 16A 3P P&S WITH DP MCB DB_SCAME_WELDING,73015767,200,0,11759.6,NOS,58.798,0,N,,,
SF-BOX FABRICATED VTPN 12 WAY CB70746_WL,73017965,180,0,76993.56,NOS,427.742,0,-,,,
SF-BOX FABRICATED VTPN 4 WAY CB70742_WL,73017962,190,0,62907.48,NOS,331.092,0,N,,,
SF-BOX FABRICATED VTPN 6 WAY CB70743_WL,73017963,175,0,66491.6,NOS,379.952,0,N,,,
SF-BOX FABRICATED VTPN 6 WAY_CB70679_FB,73014199,330,157.08,82658.4,NOS,250.48,0.476,89030001,CRCA  DESIGN SCRAP,,
SF-BOX FABRICATED VTPN 8 WAY CB70744_WL,73017964,240,0,88687.68,NOS,369.532,0,N,,,
SF-BOX POWDER COATED 16A 3P P&S WITH DP MCB DB_SCAME,74013375,200,0,8303.4,NOS,41.517,0,N,,,
SF-BOX SPN 12 WAY IP43 SFRM_CB70569_WL,73018232,50,0,3262.78,NOS,65.2555,0,-,,,
SF-BOX SPN 4 WAY IP43 SFRM_CB70566_WL,73018226,825,0,37997.77,NOS,46.0579,0,-,,,
SF-BOX SPN 6 WAY IP43 SFRM_CB70567_WL,73018228,590,0,30005.98,NOS,50.8576,0,-,,,
SF-BOX SPN 8 WAY IP43 SFRM_CB70568_WL,73018230,100,0,5620.79,NOS,56.2079,0,-,,,
SF-BOX VTPN MCCB 4 WAY IP43 _CB70742_PC,74012763,190,0,56527.34,NOS,297.5123,0,-,,,
SF-BOX VTPN MCCB 6 WAY_CB70743_FB,73014280,205,94.1,56449.21,NOS,275.362,0.459,89030001,CRCA  DESIGN SCRAP,,
SF-BOX  ASSEMBLY SPN 12 WAY IP54 SFRM_PC,74016245,20,0,203.98,NOS,10.1991,0,-,,,
SF-BOX  ASSEMBLY SPN 16 WAY IP54 SFRM_PC,74016246,20,0,231.84,NOS,11.5921,0,-,,,
SF-BOX  ASSEMBLY SPN 18 WAY IP54 SFRM_PC,74016247,10,0,122.83,NOS,12.2826,0,-,,,
SF-BOX  ASSEMBLY SPN 8 WAY IP54 SFRM_PC,74016244,20,0,176.37,NOS,8.8183,0,-,,,
SF-CONNECTING NEUTRAL VTPN - GCC_CB71050_FB,73014099,1000,4,80264.8,NOS,80.2648,0.004,89020006,COPPER  SCRAP,,
SF-DOOR FABRICATED VTPN 4 WAY CB70753_WL,73017974,190,0,39425,NOS,207.5,0,N,,,
SF-DOOR FABRICATED VTPN 6 WAY CB70754_WL,73017975,175,0,38793.65,NOS,221.678,0,N,,,
SF-DOOR FABRICATED VTPN 8 WAY CB70755_WL,73017976,240,0,63984,NOS,266.6,0,N,,,
SF-DOOR FABRICATED VTPN 8 WAY CB70757_WL,73017981,180,0,55483.2,NOS,308.24,0,N,,,
SF-DOOR SFRM SPN  12 WAY IP43G_CB70626_WL,73018296,10,0,665.71,NOS,66.5705,0,-,,,
SF-DOOR SFRM SPN  18 WAY IP43_CB70596_WL,73018292,10,0,852.53,NOS,85.2527,0,-,,,
SF-DOOR SFRM SPN  4 WAY IP43G_CB70623_WL,73018293,20,0,903.38,NOS,45.1689,0,-,,,
SF-DOOR SFRM SPN  4 WAY IP43_CB70591_WL,73018287,750,0,38255.63,NOS,51.0075,0,-,,,
SF-DOOR SFRM SPN  6 WAY IP43G_CB70624_WL,73018294,10,0,510.33,NOS,51.0329,0,-,,,
SF-DOOR SFRM SPN  6 WAY IP43_CB70592_WL,73018288,570,0,29074.28,NOS,51.0075,0,-,,,
SF-DOOR SURFACE ENCLOSURE 2 WAYS_CB70187_PC,74012490,2450,0,113373.02,NOS,46.2747,0,-,,,
SF-DOOR SURFACE ENCLOSURE 4 WAYS_CB70189_PC,74012494,3400,0,158502.9,NOS,46.6185,0,-,,,
SF-DOOR VTPN 6 WAY_CB71175_WINDOW CUTTING,73012954,330,119.46,65887.8,NOS,199.66,0.362,89030001,CRCA  DESIGN SCRAP,,
SF-DOOR VTPN MCCB 12 WAY_CB70757_WINDOW CUTTING,73012957,180,85.14,49161.24,NOS,273.118,0.473,89030001,CRCA  DESIGN SCRAP,,
SF-DOOR VTPN MCCB 4 WAY_CB70753_PC,74012761,190,0,41459.86,NOS,218.2098,0,-,,,
SF-DOOR VTPN MCCB 6 WAY_CB70754_WINDOW CUTTING,73012967,205,77.49,44082.79,NOS,215.038,0.378,89030001,CRCA  DESIGN SCRAP,,
SF-DOOR VTPN MCCB 8 WAY_CB70755_WINDOW CUTTING,73012970,390,159.51,91432.38,NOS,234.442,0.409,89030001,CRCA  DESIGN SCRAP,,
SF-DRC 116.2MM._CB71287_PC,74014163,533,0,2308.1,NOS,4.3304,0,N,,,
SF-DRC 151.6MM._CB71288_PC,74014164,574,0,3015.91,NOS,5.2542,0,N,,,
SF-DRC 222.4MM._CB71290_PC,74014165,2594,0,22908.13,NOS,8.8312,0,N,,,
SF-DRC 80.8MM._CB71286_PC,74014162,730,0,1360.14,NOS,1.8632,0,N,,,
SF-DRC 80MM PRESS COMP.,72010071,759,2.28,1816.97,NOS,2.3939,0.003,89030001,CRCA  DESIGN SCRAP,,
SF-ENCLOSURE DP POWDER COATED SHIELD 607882 JOTUN,74013811,3676,0,37397.79,NOS,10.1735,0,N,,,
SF-ENCLOSURE FP POWDER COATED SHIELD 607884 JOTUN,74013814,6010,0,75172.48,NOS,12.5079,0,N,,,
SF-ENCLOSURE SP POWDER COATED BOX 607881/82 JOTUN,74013809,4276,0,94277.25,NOS,22.048,0,N,,,
SF-ENCLOSURE SP POWDER COATED SHIELD 607881 JOTUN,74013810,500,0,5234.95,NOS,10.4699,0,N,,,
SF-ENCLOSURE TP POWDER COATED BOX 607883/84 JOTUN,74013812,6710,0,227049.63,NOS,33.8375,0,N,,,
SF-ENCLOSURE TP POWDER COATED SHIELD 607883 JOTUN,74013813,700,0,9003.75,NOS,12.8625,0,N,,,
SF-ETPN 12 W POWDER COATED BOX 402518 IP42,74010819,12,0,3556.88,NOS,296.4064,0,N,,,
SF-ETPN 12 W POWDER COATED DOOR 402518 IP42,74010820,12,0,2137.86,NOS,178.1552,0,N,,,
SF-ETPN 12 W POWDER COATED SHIELD 402518 IP42,74010822,11,0,2891.34,NOS,262.8488,0,N,,,
SF-ETPN 12 W POWDER COATED SIDE PLATE 402518 IP42,74010824,24,0,1133.63,NOS,47.2344,0,N,,,
SF-ETPN 8 W POWDER COATED BOX 402517 IP42,74010840,40,0,8493.3,NOS,212.3326,0,N,,,
SF-ETPN 8 W POWDER COATED DOOR 402517 IP42,74010841,40,0,5456.59,NOS,136.4147,0,N,,,
SF-ETPN 8 W POWDER COATED SHIELD 402517 IP42,74010843,40,0,8083.82,NOS,202.0954,0,N,,,
SF-ETPN 8 W POWDER COATED SIDE PLATE 402517 IP42,74010845,80,0,1922.21,NOS,24.0276,0,N,,,
SF-FRAME FABRICATED VTPN 12 WAY CB96008_WL,73018007,130,0,27974.7,NOS,215.19,0,N,,,
SF-FRAME FABRICATED VTPN 4 WAY CB96004_WL,73018004,190,0,35032.2,NOS,184.38,0,N,,,
SF-FRAME FABRICATED VTPN 4 WAY CB96006_WL,73018009,220,0,21733.8,NOS,98.79,0,N,,,
SF-FRAME FABRICATED VTPN 6 WAY CB96005_WL,73018005,175,0,33656,NOS,192.32,0,N,,,
SF-FRAME VTPN MCCB 4 WAY_CB96004_PC,74012739,190,0,2828.38,NOS,14.8862,0,-,,,
SF-GLAND PLATE JR PSR 6 WAY IP42 DD GM_PC,74015181,200,0,2736,NOS,13.68,0,-,,,
SF-GLAND PLATE SPN 12 WAY PREMIUM IP43_CB70582_PC,74012504,196,0,3869.82,NOS,19.744,0,-,,,
SF-GLAND PLATE VTPN MCCB_CB70700_PC,74012759,1000,0,146300.1,NOS,146.3001,0,-,,,
SF-IP COMB BUSBAR COVER 11W (198.6MM)- CB50943,75011254,1639,0,10837.89,NOS,6.6125,0,N,,,
SF-IP COMB BUSBAR COVER 17W (304.8MM)- CB50949,75011260,20,0,195.83,NOS,9.7916,0,N,,,
SF-IP COMB BUSBAR COVER 3W (57MM)- CB50935,75011246,850,0,1363.06,NOS,1.6036,0,N,,,
SF-IP COMB BUSBAR COVER 5W (92.4MM)- CB50937,75011248,580,0,2091.36,NOS,3.6058,0,N,,,
SF-IP COMB BUSBAR COVER 7W (127.8MM)- CB50939,75011250,110,0,396.89,NOS,3.6081,0,N,,,
SF-L1 PHASE BUSBAR 125A 12WAY PUNCHING,72011896,200,1.2,20102.96,NOS,100.5148,0.006,89020006,COPPER  SCRAP,,
SF-L1 PHASE BUSBAR 125A 12WAY RIVETED,72010079,100,0,28643.52,NOS,286.4352,0,-,,,
SF-L1 PHASE BUSBAR 125A 4WAY PUNCHING,72011893,440,1.76,17468.09,NOS,39.7002,0.004,89020006,COPPER  SCRAP,,
SF-L1 PHASE BUSBAR 125A 4WAY RIVETED,72010083,220,0,28110.5,NOS,127.775,0,-,,,
SF-L1 PHASE BUSBAR 125A 6WAY PUNCHING,72011894,320,1.6,17506.05,NOS,54.7064,0.005,89020006,COPPER  SCRAP,,
SF-L1 PHASE BUSBAR 125A 6WAY RIVETED,72010084,160,0,26758.82,NOS,167.2426,0,-,,,
SF-L1 PHASE BUSBAR 125A 8WAY PUNCHING,72011895,400,2,27885.04,NOS,69.7126,0.005,89020006,COPPER  SCRAP,,
SF-L1 PHASE BUSBAR 125A 8WAY RIVETED,72010085,200,0,41342.04,NOS,206.7102,0,-,,,
SF-L1 PHASE BUSBAR 250A 12WAY PUNCHING,72011916,400,5.2,72601.6,NOS,181.504,0.013,89020006,COPPER  SCRAP,,
SF-L1 PHASE BUSBAR 250A 12WAY RIVETED,72011666,300,0,129168.72,NOS,430.5624,0,-,,,
SF-L1 PHASE BUSBAR 250A 4WAY PUNCHING,72011913,440,3.52,35661.82,NOS,81.0496,0.008,89020006,COPPER  SCRAP,,
SF-L1 PHASE BUSBAR 250A 4WAY RIVETED,72011657,410,0,86502.78,NOS,210.9824,0,-,,,
SF-L1 PHASE BUSBAR 250A 6WAY PUNCHING,72011914,400,3.6,48429.76,NOS,121.0744,0.009,89020006,COPPER  SCRAP,,
SF-L1 PHASE BUSBAR 250A 6WAY RIVETED,72011660,395,0,107514.5,NOS,272.1886,0,-,,,
SF-L1 PHASE BUSBAR 250A 8WAY PUNCHING,72011915,700,7,101782.24,NOS,145.4032,0.01,89020006,COPPER  SCRAP,,
SF-L1 PHASE BUSBAR 250A 8WAY RIVETED,72011663,726,0,232849.11,NOS,320.7288,0,-,,,
SF-L2 PHASE BUSBAR 125A 12WAY PUNCHING,72011903,200,1.6,21208.68,NOS,106.0434,0.008,89020006,COPPER  SCRAP,,
SF-L2 PHASE BUSBAR 125A 12WAY RIVETED,72010087,100,0,22183.64,NOS,221.8364,0,-,,,
SF-L2 PHASE BUSBAR 125A 4WAY PUNCHING,72011899,440,2.64,19970.19,NOS,45.3868,0.006,89020006,COPPER  SCRAP,,
SF-L2 PHASE BUSBAR 125A 4WAY RIVETED,72012352,220,0,18554.32,NOS,84.3378,0,-,,,
SF-L2 PHASE BUSBAR 125A 6WAY PUNCHING,72011900,320,1.92,19527.94,NOS,61.0248,0.006,89020006,COPPER  SCRAP,,
SF-L2 PHASE BUSBAR 125A 6WAY RIVETED,72012353,160,0,19069.81,NOS,119.1863,0,-,,,
SF-L2 PHASE BUSBAR 125A 8WAY PUNCHING,72011901,400,2.8,32293.64,NOS,80.7341,0.007,89020006,COPPER  SCRAP,,
SF-L2 PHASE BUSBAR 125A 8WAY RIVETED,72012354,200,0,31621.22,NOS,158.1061,0,-,,,
SF-L2 PHASE BUSBAR 250A 12WAY PUNCHING,72011923,400,5.2,72601.6,NOS,181.504,0.013,89020006,COPPER  SCRAP,,
SF-L2 PHASE BUSBAR 250A 12WAY RIVETED,72011667,200,0,60537.4,NOS,302.687,0,-,,,
SF-L2 PHASE BUSBAR 250A 4WAY PUNCHING,72011919,440,3.96,40150.88,NOS,91.252,0.009,89020006,COPPER  SCRAP,,
SF-L2 PHASE BUSBAR 250A 4WAY RIVETED,72011658,220,0,29086.86,NOS,132.213,0,-,,,
SF-L2 PHASE BUSBAR 250A 6WAY PUNCHING,72011920,400,4,48429.76,NOS,121.0744,0.01,89020006,COPPER  SCRAP,,
SF-L2 PHASE BUSBAR 250A 6WAY RIVETED,72011661,200,0,36073.18,NOS,180.3659,0,-,,,
SF-L2 PHASE BUSBAR 250A 8WAY PUNCHING,72011921,700,7.7,127052.8,NOS,181.504,0.011,89020006,COPPER  SCRAP,,
SF-L2 PHASE BUSBAR 250A 8WAY RIVETED,72011664,350,0,91079.1,NOS,260.226,0,-,,,
SF-L3 PHASE BUSBAR 125A 12WAY PUNCHING,72011910,200,1.2,18002.1,NOS,90.0105,0.006,89020006,COPPER  SCRAP,,
SF-L3 PHASE BUSBAR 125A 12WAY RIVETED,72010095,100,0,27593.09,NOS,275.9309,0,-,,,
SF-L3 PHASE BUSBAR 125A 4WAY PUNCHING,72011906,440,1.76,12950.43,NOS,29.4328,0.004,89020006,COPPER  SCRAP,,
SF-L3 PHASE BUSBAR 125A 4WAY RIVETED,72010099,220,0,25851.67,NOS,117.5076,0,-,,,
SF-L3 PHASE BUSBAR 125A 6WAY PUNCHING,72011907,320,1.6,14220.48,NOS,44.439,0.005,89020006,COPPER  SCRAP,,
SF-L3 PHASE BUSBAR 125A 6WAY RIVETED,72010100,160,0,25116.03,NOS,156.9752,0,-,,,
SF-L3 PHASE BUSBAR 125A 8WAY PUNCHING,72011908,400,2,23778.08,NOS,59.4452,0.005,89020006,COPPER  SCRAP,,
SF-L3 PHASE BUSBAR 125A 8WAY RIVETED,72010101,200,0,39288.56,NOS,196.4428,0,-,,,
SF-L3 PHASE BUSBAR 250A 12WAY PUNCHING,72011815,400,4.8,71032,NOS,177.58,0.012,89020006,COPPER  SCRAP,,
SF-L3 PHASE BUSBAR 250A 12WAY RIVETED,72011668,300,0,122831.52,NOS,409.4384,0,-,,,
SF-L3 PHASE BUSBAR 250A 4WAY PUNCHING,72011803,440,3.96,25302.46,NOS,57.5056,0.009,89020006,COPPER  SCRAP,,
SF-L3 PHASE BUSBAR 250A 4WAY RIVETED,72011659,410,0,75222.04,NOS,183.4684,0,-,,,
SF-L3 PHASE BUSBAR 250A 6WAY PUNCHING,72011806,400,4,36500.8,NOS,91.252,0.01,89020006,COPPER  SCRAP,,
SF-L3 PHASE BUSBAR 250A 6WAY RIVETED,72011662,395,0,97670.15,NOS,247.2662,0,-,,,
SF-L3 PHASE BUSBAR 250A 8WAY PUNCHING,72011809,700,7,84752.08,NOS,121.0744,0.01,89020006,COPPER  SCRAP,,
SF-L3 PHASE BUSBAR 250A 8WAY RIVETED,72011665,726,0,215527.62,NOS,296.87,0,-,,,
SF-MEMEBER SFRM SPN 4 WAY IP43_CB70572_FB,73018237,1650,2.81,4398.9,NOS,2.666,0.0017,89030001,CRCA  DESIGN SCRAP,,
SF-MEMEBER SFRM SPN 6 WAY IP43_CB70573_FB,73018238,180,0.32,570.33,NOS,3.1685,0.0018,89030001,CRCA  DESIGN SCRAP,,
SF-NEUTRAL SHROUD15 MOD_152 MM_CB50974,72016188,60,0,346.56,NOS,5.776,0,-,,,
SF-SHIELD FABRICATED 16A 3P P&S WITH FP MCB DB_SCAME_BENDING/FINISHING,73015769,200,0,8554,NOS,42.77,0,N,,,
SF-SHIELD POWDER COATED 16A 3P P&S WITH FP MCB DB_SCAME,74013377,200,0,5415.12,NOS,27.0756,0,N,,,
SF-SHIELD VTPN MCCB 12 WAY _CB70778_BENDING/RIBBING,73014302,180,0,23896.8,NOS,132.76,0,-,,,
SF-SHIELD VTPN MCCB 12 WAY_CB70778_WINDOW CUTTING,73013363,180,97.56,29060.28,NOS,161.446,0.542,89030001,CRCA  DESIGN SCRAP,,
SF-SHIELD VTPN MCCB 4 WAY_CB70775_BENDING/RIBBING,73015155,190,0,21284.18,NOS,112.022,0,N,,,
SF-SHIELD VTPN MCCB 6 WAY_CB70776_BENDING/RIBBING,73013366,205,0,28618,NOS,139.6,0,-,,,
SF-SHIELD VTPN MCCB 6 WAY_CB70776_WINDOW CUTTING,73014300,205,74.83,25343.74,NOS,123.628,0.365,89030001,CRCA  DESIGN SCRAP,,
SF-SHIELD VTPN MCCB 8 WAY _CB70777_BENDING/RIBBING,73015156,390,0,43781.4,NOS,112.26,0,N,,,
SF-SHIELD VTPN MCCB 8 WAY _CB70777_WINDOW CUTTING,73013367,390,165.36,53131.26,NOS,136.234,0.424,89030001,CRCA  DESIGN SCRAP,,
SF-SMALL MOUNTING BRACKET_CB70195_PC,74013089,481,0,5326.16,NOS,11.0731,0,N,,,
SF-SPN 12 W POWDER COATED BOX 402508 IP42,74012041,200,0,21932.48,NOS,109.6624,0,N,,,
SF-SPN 12 W POWDER COATED DOOR 402508 IP42,74012042,200,0,12002,NOS,60.01,0,N,,,
SF-SPN 12 W POWDER COATED SHIELD 402508 IP42,74012044,200,0,21086.82,NOS,105.4341,0,N,,,
SF-SPN 12 W POWDER COATED SIDE PLATE 402508 IP42,74012046,400,0,8422.68,NOS,21.0567,0,N,,,
SF-SPN 4 W POWDER COATED BOX 402505 IP42,74012048,100,0,8445.94,NOS,84.4594,0,N,,,
SF-SPN 4 W POWDER COATED DOOR 402505 IP42,74012049,100,0,3807.3,NOS,38.073,0,N,,,
SF-SPN 4 W POWDER COATED SHIELD 402505 IP42,74012051,100,0,7367.51,NOS,73.6751,0,N,,,
SF-SPN 4 W POWDER COATED SIDE PLATE 402505 IP42,74012053,200,0,2899.52,NOS,14.4976,0,N,,,
SF-SPN 6 W POWDER COATED BOX 402506 IP42,74012055,300,0,26088.54,NOS,86.9618,0,N,,,
SF-SPN 6 W POWDER COATED DOOR 402506 IP42,74012056,300,0,13130.49,NOS,43.7683,0,N,,,
SF-SPN 6 W POWDER COATED SHIELD 402506 IP42,74012058,300,0,24249.12,NOS,80.8304,0,N,,,
SF-SPN 6 W POWDER COATED SIDE PLATE 402506 IP42,74012060,600,0,9726.9,NOS,16.2115,0,N,,,
SF-SPN 8 W POWDER COATED BOX 402507 IP42,74012062,280,0,25590.12,NOS,91.3933,0,N,,,
SF-SPN 8 W POWDER COATED DOOR 402507 IP42,74012063,280,0,13714.76,NOS,48.9813,0,N,,,
SF-SPN 8 W POWDER COATED SHIELD 402507 IP42,74012065,280,0,24316.88,NOS,86.846,0,N,,,
SF-SPN 8 W POWDER COATED SIDE PLATE 402507 IP42,74012067,488,0,8116.9,NOS,16.633,0,N,,,
SF-WIRESET 16A 2P+E TEMPRA DB WIR ESET_661.IN203_SCAME,75012939,200,0,2155.62,NOS,10.7781,0,N,,,
SF-WIRESET 32A 2P+E TEMPRA DB WIRE SET_661.IN323_SCAME,75012935,130,0,2887.65,NOS,22.2127,0,N,,,
SF-WIRESET KIT DBSPN004DDS/GDS,75014038,760,0,20992.34,NOS,27.6215,0,-,,,
SF-WIRESET KIT DBSPN006DDS/GDS,75014039,511,0,21831.45,NOS,42.723,0,-,,,
SF-WIRESET KIT DBSPN008DDS/GDS,75014040,20,0,1133.84,NOS,56.6921,0,-,,,
SF-WIRESET KIT DBSPN012DDS/GDS,75014041,1494,0,130555.43,NOS,87.3865,0,-,,,
SF-WIRESET KIT DBSPN016DDS/GDS,75014042,20,0,2568.19,NOS,128.4096,0,-,,,
SF-WIRESET KIT DBSPN018DDS/GDS,75014043,20,0,2607.44,NOS,130.3718,0,-,,,
SF-WIRESET SPN 12W(402503/08)IP 20/42,75011183,178,0,10799.15,NOS,60.6694,0,-,,,
SF-WIRESET SPN 4W(402500/05)IP 20/42,75011181,100,0,2788.48,NOS,27.8848,0,-,,,
SF-WIRESET SPN 6W(402501/06)IP 20/42,75011184,268,0,8858.04,NOS,33.0524,0,-,,,
SF-WIRESET SPN 8W(402502/07)IP 20/42,75011182,269,0,11333.62,NOS,42.1324,0,-,,,
SF-Y POLE SPREADER LINK_CB70922_FB,73014746,250,3.25,5208.15,NOS,20.8326,0.013,89020006,COPPER  SCRAP,,
SF_EXTRUDED INSULATOR STRIP 12W_322MM_MEP,75013393,364,0,3876.6,NOS,10.65,0,N,,,
SF_EXTRUDED INSULATOR STRIP 4W_106MM_MEP,75013397,850,0,3177.3,NOS,3.738,0,N,,,
SF_EXTRUDED INSULATOR STRIP 6W_160MM_MEP,75013396,1000,0,5466,NOS,5.466,0,N,,,
SF_EXTRUDED INSULATOR STRIP 8W_214MM_MEP,75013395,898,0,6460.21,NOS,7.194,0,N,,,
Y MAIN BUS BAR 12WAY MCCB_CB71588_FB,73013005,160,0.64,21255.42,NOS,132.8464,0.004,89020006,COPPER  SCRAP,,
Y MAIN BUS BAR 16 WAY MCCB_CB71589_FB,73013008,35,0.18,6940.49,NOS,198.2996,0.005,89020006,COPPER  SCRAP,,
Y MAIN BUS BAR 16 WAY_CB70687_FB,73013006,10,0.04,2028.9,NOS,202.8896,0.004,89020006,COPPER  SCRAP,,
Y MAIN BUS BAR 4 WAY MCCB_CB71584_FB,73013010,191,0.38,8405.51,NOS,44.0079,0.002,89020006,COPPER  SCRAP,,
Y MAIN BUS BAR 4 WAY_CB70683_FB,73013011,185,0.37,7259.4,NOS,39.24,0.002,89020006,COPPER  SCRAP,,
Y MAIN BUS BAR 6 WAY MCCB_CB71585_FB,73013013,205,0.41,13586.01,NOS,66.2732,0.002,89020006,COPPER  SCRAP,,
Y MAIN BUS BAR 8 WAY MCCB_CB71586_FB,73013016,400,0.8,30567.72,NOS,76.4193,0.002,89020006,COPPER  SCRAP,,
,,,,,,,,,,,
